side,entry_time,entry_price,exit_time,exit_price,holding_days,exit_reason,trade_return
1,2015-10-06,242.01,2015-10-06,247.36,0,intraday_close,0.022106524523780147
1,2015-10-07,247.35,2015-10-07,244.0,0,intraday_close,-0.013543561754598699
1,2015-10-09,242.99,2015-10-09,244.82,0,intraday_close,0.007531174122391793
1,2015-10-10,244.93,2015-10-10,246.01,0,intraday_close,0.00440942310047765
1,2015-10-13,246.15,2015-10-13,251.25,0,intraday_close,0.02071907373552717
1,2015-10-15,253.5,2015-10-15,255.19,0,intraday_close,0.006666666666666599
1,2015-10-16,255.19,2015-10-16,263.45,0,intraday_close,0.03236803949998035
1,2015-10-17,263.47,2015-10-17,272.9,0,intraday_close,0.03579155122025268
1,2015-10-18,272.9,2015-10-18,265.01,0,intraday_close,-0.028911689263466434
1,2015-10-19,265.29,2015-10-19,265.1,0,intraday_close,-0.0007161973689170376
1,2015-10-20,265.02,2015-10-20,270.97,0,intraday_close,0.022451135763338792
1,2015-10-21,270.99,2015-10-21,267.8,0,intraday_close,-0.011771652090483031
1,2015-10-23,275.83,2015-10-23,279.21,0,intraday_close,0.012253924518725201
1,2015-10-24,279.04,2015-10-24,284.19,0,intraday_close,0.018456135321100797
1,2015-10-25,284.19,2015-10-25,284.79,0,intraday_close,0.00211126359125946
1,2015-10-26,284.7,2015-10-26,287.22,0,intraday_close,0.00885142255005289
1,2015-10-27,287.22,2015-10-27,295.29,0,intraday_close,0.0280969291832045
1,2015-10-28,295.29,2015-10-28,304.5,0,intraday_close,0.031189677943716188
1,2015-10-29,304.5,2015-10-29,314.88,0,intraday_close,0.034088669950739
1,2015-10-30,314.23,2015-10-30,328.19,0,intraday_close,0.0444260573465296
1,2015-10-31,328.2,2015-10-31,316.0,0,intraday_close,-0.03717245581962214
1,2015-11-01,316.0,2015-11-01,330.23,0,intraday_close,0.04503164556962025
1,2015-11-02,330.23,2015-11-02,365.33,0,intraday_close,0.10628955576416432
1,2015-11-03,365.08,2015-11-03,405.0,0,intraday_close,0.10934589678974471
1,2015-11-04,404.98,2015-11-04,409.24,0,intraday_close,0.01051903797718401
1,2015-11-06,387.93,2015-11-06,375.56,0,intraday_close,-0.03188719614363422
1,2015-11-07,375.56,2015-11-07,384.99,0,intraday_close,0.025109170305676942
1,2015-11-30,373.84,2015-11-30,376.88,0,intraday_close,0.008131821099935932
1,2015-12-06,390.01,2015-12-06,390.6,0,intraday_close,0.001512781723545631
1,2015-12-07,390.88,2015-12-07,396.7,0,intraday_close,0.014889480147359802
1,2015-12-09,422.0,2015-12-09,418.73,0,intraday_close,-0.007748815165876777
1,2015-12-11,414.88,2015-12-11,457.0,0,intraday_close,0.10152333204782105
1,2015-12-13,435.61,2015-12-13,433.36,0,intraday_close,-0.005165170680195619
1,2015-12-15,442.55,2015-12-15,466.01,0,intraday_close,0.05301095921364807
1,2015-12-16,466.43,2015-12-16,454.94,0,intraday_close,-0.024633921488754984
-1,2016-01-14,431.09,2016-01-14,429.25,0,intraday_close,0.004286546301689009
-1,2016-01-15,429.27,2016-01-15,359.16,0,intraday_close,0.19520547945205458
-1,2016-01-26,390.91,2016-01-26,391.41,0,intraday_close,-0.0012774328709026506
-1,2016-01-28,394.7,2016-01-28,378.39,0,intraday_close,0.043103676101377
-1,2016-01-30,377.4,2016-01-30,376.56,0,intraday_close,0.0022307202039515417
-1,2016-02-03,372.9,2016-02-03,368.98,0,intraday_close,0.010623882053227618
-1,2016-02-09,370.29,2016-02-09,374.31,0,intraday_close,-0.010739761160535322
-1,2016-03-09,411.34,2016-03-09,413.05,0,intraday_close,-0.004139934632611197
-1,2016-03-24,418.12,2016-03-24,415.3,0,intraday_close,0.006790272092463301
-1,2016-03-30,415.87,2016-03-30,413.12,0,intraday_close,0.006656661502711048
-1,2016-04-01,416.34,2016-04-01,417.9,0,intraday_close,-0.003732950466618812
-1,2016-04-02,417.89,2016-04-02,420.3,0,intraday_close,-0.005733999524149436
-1,2016-04-05,420.46,2016-04-05,423.75,0,intraday_close,-0.007764011799410109
-1,2016-04-06,423.75,2016-04-06,422.57,0,intraday_close,0.0027924367560403507
-1,2016-04-07,422.52,2016-04-07,422.28,0,intraday_close,0.0005683432793406329
-1,2016-04-08,422.29,2016-04-08,418.5,0,intraday_close,0.009056152927120698
-1,2016-04-12,423.75,2016-04-12,426.59,0,intraday_close,-0.006657446259874744
-1,2016-05-20,434.99,2016-05-20,441.57,0,intraday_close,-0.014901374640487353
-1,2016-05-24,443.53,2016-05-24,445.03,0,intraday_close,-0.0033705592881378976
-1,2016-05-25,445.0,2016-05-25,449.09,0,intraday_close,-0.009107305885234562
1,2016-05-29,527.0,2016-05-29,531.0,0,intraday_close,0.007590132827324458
1,2016-05-30,529.97,2016-05-30,532.89,0,intraday_close,0.005509745834669788
1,2016-06-02,536.91,2016-06-02,538.8,0,intraday_close,0.0035201430407330037
1,2016-06-03,538.9,2016-06-03,570.87,0,intraday_close,0.059324550009278276
1,2016-06-04,570.82,2016-06-04,572.87,0,intraday_close,0.003591324760870318
1,2016-06-05,573.08,2016-06-05,574.02,0,intraday_close,0.0016402596496125632
1,2016-06-06,574.01,2016-06-06,585.34,0,intraday_close,0.01973833208480702
1,2016-06-07,585.59,2016-06-07,576.88,0,intraday_close,-0.014873887873768421
1,2016-06-12,614.51,2016-06-12,672.0,0,intraday_close,0.09355421392654306
1,2016-06-13,671.98,2016-06-13,705.87,0,intraday_close,0.050433048602636976
1,2016-06-15,684.5,2016-06-15,696.99,0,intraday_close,0.018246895544192787
1,2016-06-16,698.0,2016-06-16,769.5,0,intraday_close,0.10243553008595985
1,2016-06-17,769.46,2016-06-17,747.95,0,intraday_close,-0.027954669508486463
1,2016-06-18,747.7,2016-06-18,757.6,0,intraday_close,0.013240604520529553
1,2016-06-19,757.63,2016-06-19,767.3,0,intraday_close,0.01276348613439282
1,2016-06-20,767.31,2016-06-20,743.9,0,intraday_close,-0.03050918142602077
-1,2016-07-21,666.21525,2016-07-21,665.785,0,intraday_close,0.0006462296386970934
-1,2016-07-22,665.5975,2016-07-22,651.52,0,intraday_close,0.02160716478389002
-1,2016-07-26,655.2675,2016-07-26,651.765,0,intraday_close,0.005373869416124055
-1,2016-07-27,652.22,2016-07-27,656.35725,0,intraday_close,-0.006303350804763741
-1,2016-07-30,656.72975,2016-07-30,655.3175,0,intraday_close,0.002155062240822181
-1,2016-07-31,655.3375,2016-07-31,624.22,0,intraday_close,0.0498502130659062
-1,2016-08-11,592.915,2016-08-11,587.285,0,intraday_close,0.009586486969699548
-1,2016-08-23,585.23,2016-08-23,581.9975,0,intraday_close,0.005554147569362566
-1,2016-08-25,579.41975,2016-08-25,576.05,0,intraday_close,0.005849752625640248
-1,2016-09-27,607.455,2016-09-27,605.34375,0,intraday_close,0.003487687780703075
-1,2016-09-30,605.95475,2016-09-30,609.675,0,intraday_close,-0.006102021568868632
1,2016-12-22,831.66725,2016-12-22,858.6175,0,intraday_close,0.03240508749142168
1,2016-12-23,858.4875,2016-12-23,916.14,0,intraday_close,0.06715589918315645
1,2016-12-24,916.2675,2016-12-24,894.18,0,intraday_close,-0.024105951591647745
1,2016-12-25,894.18475,2016-12-25,895.14225,0,intraday_close,0.0010708077944743266
1,2016-12-26,895.09475,2016-12-26,901.61775,0,intraday_close,0.007287496658873183
1,2016-12-27,901.79525,2016-12-27,930.2575,0,intraday_close,0.031561765267670294
1,2016-12-28,930.2555,2016-12-28,979.65775,0,intraday_close,0.05310610902058621
1,2016-12-29,980.1475,2016-12-29,972.0525,0,intraday_close,-0.008258961023723477
1,2016-12-30,972.1025,2016-12-30,961.29225,0,intraday_close,-0.011120483693849104
1,2017-01-01,970.3925,2017-01-01,996.34775,0,intraday_close,0.02674716673923183
1,2017-01-02,997.19425,2017-01-02,1015.50275,0,intraday_close,0.01836001360818118
1,2017-01-03,1015.23525,2017-01-03,1032.2975,0,intraday_close,0.01680620329130611
1,2017-01-04,1032.63475,2017-01-04,1130.39975,0,intraday_close,0.09467529540333608
1,2017-01-05,1130.46475,2017-01-05,1005.6425,0,intraday_close,-0.11041675558658515
1,2017-02-04,1016.885,2017-02-04,1032.77575,0,intraday_close,0.015626889962975232
1,2017-02-08,1053.7325,2017-02-08,1054.2095,0,intraday_close,0.000452676556905951
1,2017-02-24,1182.03525,2017-02-24,1183.9425,0,intraday_close,0.0016135305609541462
1,2017-02-25,1183.91975,2017-02-25,1151.451,0,intraday_close,-0.027424789560272167
1,2017-02-27,1178.6,2017-02-27,1193.79025,0,intraday_close,0.012888384524011531
1,2017-03-02,1227.975,2017-03-02,1260.105,0,intraday_close,0.026165027789653683
1,2017-03-03,1260.245,2017-03-03,1285.79225,0,intraday_close,0.020271653527687228
1,2017-03-04,1285.8425,2017-03-04,1266.309,0,intraday_close,-0.015191207321269884
-1,2017-03-22,1113.1525,2017-03-22,1035.5275,0,intraday_close,0.07496179483403376
1,2017-04-28,1340.57575,2017-04-28,1339.9675,0,intraday_close,-0.00045372296194379214
1,2017-04-30,1347.18925,2017-04-30,1362.02675,0,intraday_close,0.011013671612952747
1,2017-05-01,1361.5115,2017-05-01,1416.3535,0,intraday_close,0.040280232667884164
1,2017-05-02,1416.35425,2017-05-02,1459.97,0,intraday_close,0.03079437930164719
1,2017-05-03,1459.74525,2017-05-03,1516.94225,0,intraday_close,0.039182864270324025
1,2017-05-04,1516.9495,2017-05-04,1546.50875,0,intraday_close,0.019485981570249944
1,2017-05-05,1546.062,2017-05-05,1532.79025,0,intraday_close,-0.008584228834289886
1,2017-05-06,1531.90075,2017-05-06,1564.9555,0,intraday_close,0.02157760546823928
1,2017-05-07,1563.9855,2017-05-07,1567.7285,0,intraday_close,0.002393244694404162
1,2017-05-08,1568.2035,2017-05-08,1679.74725,0,intraday_close,0.07112836439913561
1,2017-05-09,1679.36375,2017-05-09,1720.49225,0,intraday_close,0.02449052505748095
1,2017-05-10,1720.44025,2017-05-10,1785.7075,0,intraday_close,0.03793636541577072
1,2017-05-14,1783.8025,2017-05-14,1791.51,0,intraday_close,0.004320825876183099
1,2017-05-15,1791.0825,2017-05-15,1733.9275,0,intraday_close,-0.03191086954397693
1,2017-05-19,1893.25525,2017-05-19,1965.25825,0,intraday_close,0.038031321978375665
1,2017-05-20,1965.52825,2017-05-20,2039.82475,0,intraday_close,0.03779976197238577
1,2017-05-21,2039.0985,2017-05-21,2027.914,0,intraday_close,-0.005485021934938494
1,2017-05-23,2099.843,2017-05-23,2257.54175,0,intraday_close,0.07510025749544136
1,2017-05-24,2258.45875,2017-05-24,2426.00125,0,intraday_close,0.07418444104856903
1,2017-06-02,2411.47025,2017-06-02,2484.78825,0,intraday_close,0.03040385839302817
-1,2017-06-13,2644.268,2017-06-13,2709.5225,0,intraday_close,-0.024083394767897337
-1,2017-06-20,2593.70975,2017-06-20,2726.08,0,intraday_close,-0.048556993925343295
-1,2017-06-26,2498.899,2017-06-26,2412.4375,0,intraday_close,0.03583989222518724
-1,2017-06-28,2562.5,2017-06-28,2555.50275,0,intraday_close,0.002738110925531112
-1,2017-06-29,2553.276,2017-06-29,2536.8885,0,intraday_close,0.006459684767383234
-1,2017-06-30,2536.3835,2017-06-30,2455.4225,0,intraday_close,0.032972329609262774
-1,2017-07-02,2413.625,2017-07-02,2508.61025,0,intraday_close,-0.03786369365269082
-1,2017-07-03,2507.23275,2017-07-03,2545.1375,0,intraday_close,-0.014893006762895844
-1,2017-07-04,2542.5375,2017-07-04,2600.95775,0,intraday_close,-0.022461053048631885
-1,2017-07-05,2600.217,2017-07-05,2614.07675,0,intraday_close,-0.0053019675110916875
-1,2017-07-06,2613.915,2017-07-06,2604.10025,0,intraday_close,0.0037689601235590953
-1,2017-07-07,2603.76775,2017-07-07,2500.832,0,intraday_close,0.04116060175173697
-1,2017-07-08,2500.832,2017-07-08,2551.69925,0,intraday_close,-0.01993465726809307
-1,2017-07-09,2551.43925,2017-07-09,2502.82275,0,intraday_close,0.019424667607804036
-1,2017-07-10,2503.035,2017-07-10,2330.78225,0,intraday_close,0.07390340732172618
-1,2017-07-11,2330.02425,2017-07-11,2305.81,0,intraday_close,0.010501407314566169
-1,2017-07-13,2381.49625,2017-07-13,2339.968,0,intraday_close,0.017747358083529452
-1,2017-07-14,2340.53025,2017-07-14,2214.94925,0,intraday_close,0.05669701010079553
-1,2017-07-15,2213.912,2017-07-15,1968.5575,0,intraday_close,0.12463669463553884
-1,2017-07-18,2226.8025,2017-07-18,2306.755,0,intraday_close,-0.03466016113544801
-1,2017-07-19,2307.86525,2017-07-19,2260.872,0,intraday_close,0.02078545357720385
-1,2017-07-26,2563.0025,2017-07-26,2525.125,0,intraday_close,0.01500024751249951
-1,2017-07-27,2525.54725,2017-07-27,2667.4255,0,intraday_close,-0.05318920809597105
-1,2017-08-02,2730.39375,2017-08-02,2701.9125,0,intraday_close,0.010541144467113739
-1,2017-08-03,2701.9375,2017-08-03,2790.2135,0,intraday_close,-0.03163772234633655
-1,2017-08-04,2790.2135,2017-08-04,2858.3245,0,intraday_close,-0.023828994923424607
1,2017-08-08,3393.0625,2017-08-08,3421.6175,0,intraday_close,0.008415701154929955
1,2017-08-12,3654.372,2017-08-12,3869.2565,0,intraday_close,0.05880203219595592
1,2017-08-13,3870.3575,2017-08-13,4061.17,0,intraday_close,0.04930100126409509
1,2017-08-14,4061.17,2017-08-14,4325.198,0,intraday_close,0.06501279188017262
1,2017-08-15,4327.45025,2017-08-15,4160.66,0,intraday_close,-0.03854238416721256
1,2017-08-16,4160.14,2017-08-16,4369.215,0,intraday_close,0.050256722129543574
1,2017-08-17,4363.255,2017-08-17,4282.99,0,intraday_close,-0.018395670204927383
-1,2017-08-24,4140.595,2017-08-24,4315.0655,0,intraday_close,-0.04043287407804108
-1,2017-09-20,3903.6525,2017-09-20,3868.905,0,intraday_close,0.00898122336940288
-1,2017-09-21,3866.2925,2017-09-21,3618.79,0,intraday_close,0.06839371723697707
-1,2017-09-24,3785.39,2017-09-24,3668.48,0,intraday_close,0.03186878489183531
-1,2017-09-25,3668.5025,2017-09-25,3919.565,0,intraday_close,-0.06405366411833968
-1,2017-09-26,3919.955,2017-09-26,3886.04,0,intraday_close,0.008727393439079467
-1,2017-09-27,3885.12,2017-09-27,4204.4,0,intraday_close,-0.07593949196080296
1,2017-10-11,4749.88,2017-10-11,4818.3625,0,intraday_close,0.014417732658509319
1,2017-10-12,4818.2125,2017-10-12,5438.095,0,intraday_close,0.128654039231354
1,2017-10-13,5437.87,2017-10-13,5638.67,0,intraday_close,0.03692622295126591
1,2017-10-14,5635.3575,2017-10-14,5805.1025,0,intraday_close,0.030121425304428406
1,2017-10-15,5803.5325,2017-10-15,5687.0025,0,intraday_close,-0.020079150069375995
1,2017-10-16,5686.3575,2017-10-16,5746.995,0,intraday_close,0.010663680572317036
1,2017-10-17,5748.59,2017-10-17,5597.5175,0,intraday_close,-0.026279922554922175
1,2017-10-18,5596.175,2017-10-18,5576.305,0,intraday_close,-0.0035506394993007895
1,2017-10-19,5576.4975,2017-10-19,5698.2525,0,intraday_close,0.021833597163811058
1,2017-10-20,5700.5275,2017-10-20,5987.355,0,intraday_close,0.050315957602169226
1,2017-10-21,5985.1475,2017-10-21,6023.475,0,intraday_close,0.006403768662343046
1,2017-10-22,6022.02,2017-10-22,5986.655,0,intraday_close,-0.005872614172653168
1,2017-10-23,5983.725,2017-10-23,5894.89,0,intraday_close,-0.014846103388775345
1,2017-11-01,6442.4775,2017-11-01,6752.05,0,intraday_close,0.04805177821730844
1,2017-11-02,6752.9125,2017-11-02,7028.69,0,intraday_close,0.04083830495360319
1,2017-11-03,7031.9425,2017-11-03,7156.8525,0,intraday_close,0.017763228297159595
1,2017-11-04,7156.4575,2017-11-04,7385.7075,0,intraday_close,0.03203400565153913
1,2017-11-05,7384.7975,2017-11-05,7384.79,0,intraday_close,-1.01559995380196e-06
1,2017-11-06,7383.5975,2017-11-06,6970.3625,0,intraday_close,-0.05596662060736646
1,2017-11-09,7464.64,2017-11-09,7151.9725,0,intraday_close,-0.041886480794787184
1,2017-11-17,7823.41,2017-11-17,7690.6425,0,intraday_close,-0.01697054097893369
1,2017-11-18,7689.6925,2017-11-18,7777.645,0,intraday_close,0.011437713536659677
1,2017-11-19,7779.9,2017-11-19,8023.845,0,intraday_close,0.031355801488451185
1,2017-11-20,8023.8475,2017-11-20,8240.5725,0,intraday_close,0.027010109551558692
1,2017-11-21,8237.24,2017-11-21,8109.4225,0,intraday_close,-0.01551702997605997
1,2017-11-26,8746.23,2017-11-26,9288.17,0,intraday_close,0.06196269707062374
1,2017-11-27,9290.1525,2017-11-27,9704.9725,0,intraday_close,0.04465158133841185
1,2017-11-28,9709.395,2017-11-28,9889.88,0,intraday_close,0.018588696824055395
1,2017-11-29,9897.0825,2017-11-29,9845.9375,0,intraday_close,-0.005167684517129234
1,2017-11-30,9838.725,2017-11-30,9968.3925,0,intraday_close,0.013179299146993007
1,2017-12-01,9963.125,2017-12-01,10879.1425,0,intraday_close,0.09194078163226904
1,2017-12-02,10876.895,2017-12-02,10897.8125,0,intraday_close,0.0019231131678663083
1,2017-12-03,10898.7325,2017-12-03,11251.5775,0,intraday_close,0.032374865609372305
1,2017-12-04,11253.3025,2017-12-04,11640.9725,0,intraday_close,0.03444944273025641
1,2017-12-05,11640.975,2017-12-05,11710.6875,0,intraday_close,0.005988544773955828
1,2017-12-06,11707.4825,2017-12-06,13796.59,0,intraday_close,0.17844207753460228
1,2017-12-07,13795.39,2017-12-07,16734.75,0,intraday_close,0.21306827860611421
1,2017-12-08,16734.75,2017-12-08,16084.735,0,intraday_close,-0.03884222949252303
1,2017-12-09,16084.7025,2017-12-09,14910.3425,0,intraday_close,-0.07301098668128914
1,2017-12-10,14908.725,2017-12-10,15037.4975,0,intraday_close,0.008637391862818422
1,2017-12-11,15037.47,2017-12-11,16683.4875,0,intraday_close,0.10946106625649121
1,2017-12-12,16681.0125,2017-12-12,17162.905,0,intraday_close,0.02888868406519074
1,2017-12-16,17615.29,2017-12-16,19423.67,0,intraday_close,0.10265967804106535
1,2017-12-17,19423.6725,2017-12-17,19128.2725,0,intraday_close,-0.015208246535252323
1,2017-12-18,19128.3225,2017-12-18,18948.92,0,intraday_close,-0.009378893522942189
-1,2018-01-09,14997.6575,2018-01-09,14469.6625,0,intraday_close,0.036489793732231046
-1,2018-01-10,14467.64,2018-01-10,14908.0475,0,intraday_close,-0.029541594900338253
-1,2018-01-11,14902.8875,2018-01-11,13339.265,0,intraday_close,0.11721953945738406
-1,2018-01-12,13340.805,2018-01-12,13729.9175,0,intraday_close,-0.028340483473407563
-1,2018-01-13,13741.885,2018-01-13,14240.0275,0,intraday_close,-0.03498184957859107
-1,2018-01-14,14239.1,2018-01-14,13660.4225,0,intraday_close,0.04236161070420774
-1,2018-01-15,13660.3975,2018-01-15,13600.735,0,intraday_close,0.0043867114534617
-1,2018-01-16,13594.04,2018-01-16,11472.14,0,intraday_close,0.18496113192481967
-1,2018-01-17,11474.2225,2018-01-17,11204.1375,0,intraday_close,0.024105826976864586
-1,2018-01-18,11208.7075,2018-01-18,11284.275,0,intraday_close,-0.006696708472631041
-1,2018-01-19,11295.1325,2018-01-19,11546.3875,0,intraday_close,-0.021760485693036125
-1,2018-01-20,11548.37,2018-01-20,12782.4175,0,intraday_close,-0.09654257498630436
-1,2018-01-21,12790.825,2018-01-21,11541.66,0,intraday_close,0.10823096504315677
-1,2018-01-22,11533.6325,2018-01-22,10791.7475,0,intraday_close,0.06874558545777698
-1,2018-01-23,10792.0,2018-01-23,10836.8675,0,intraday_close,-0.004140264702876539
-1,2018-01-24,10836.1875,2018-01-24,11381.0325,0,intraday_close,-0.04787307302742516
-1,2018-01-25,11381.04,2018-01-25,11136.71,0,intraday_close,0.02193915438221894
-1,2018-01-26,11132.7775,2018-01-26,11088.1575,0,intraday_close,0.004024113113472616
-1,2018-01-27,11080.6725,2018-01-27,11381.0975,0,intraday_close,-0.026396839144906648
-1,2018-01-28,11379.915,2018-01-28,11621.1475,0,intraday_close,-0.020758061972795616
-1,2018-01-29,11618.87,2018-01-29,11142.7425,0,intraday_close,0.042729830649860245
-1,2018-01-30,11141.41,2018-01-30,9988.305,0,intraday_close,0.11544551352807098
-1,2018-01-31,9989.605,2018-01-31,10115.7975,0,intraday_close,-0.012474794992683558
-1,2018-02-01,10117.77,2018-02-01,9012.8875,0,intraday_close,0.12258918132507479
-1,2018-02-02,9017.205,2018-02-02,8811.005,0,intraday_close,0.023402551695294704
-1,2018-02-03,8800.3925,2018-02-03,9213.725,0,intraday_close,-0.044860520582066465
-1,2018-02-04,9213.055,2018-02-04,8163.0125,0,intraday_close,0.12863418989006825
-1,2018-02-05,8164.595,2018-02-05,6878.9575,0,intraday_close,0.1868942350639613
-1,2018-02-06,6878.5575,2018-02-06,7696.395,0,intraday_close,-0.10626241246713564
-1,2018-02-07,7700.555,2018-02-07,7576.405,0,intraday_close,0.016386399618288694
-1,2018-02-08,7577.425,2018-02-08,8227.215,0,intraday_close,-0.07898055417294914
-1,2018-02-09,8229.2975,2018-02-09,8685.7175,0,intraday_close,-0.052548335816816505
-1,2018-02-10,8685.915,2018-02-10,8554.1725,0,intraday_close,0.015400963681758917
-1,2018-02-11,8553.745,2018-02-11,8067.4975,0,intraday_close,0.06027240789352595
-1,2018-02-12,8072.7625,2018-02-12,8894.395,0,intraday_close,-0.09237643482215496
-1,2018-02-13,8889.6225,2018-02-13,8519.9425,0,intraday_close,0.043389964192833474
-1,2018-02-14,8515.9125,2018-02-14,9483.4825,0,intraday_close,-0.10202686618549672
-1,2018-02-15,9479.985,2018-02-15,10025.8525,0,intraday_close,-0.0544459934953162
-1,2018-02-16,10024.95,2018-02-16,10183.905,0,intraday_close,-0.01560845274970657
-1,2018-02-17,10185.515,2018-02-17,11105.625,0,intraday_close,-0.08285080758624574
-1,2018-02-18,11110.27,2018-02-18,10408.5275,0,intraday_close,0.06741995925936695
-1,2018-02-19,10413.595,2018-02-19,11161.255,0,intraday_close,-0.0669870906094342
-1,2018-02-22,10463.125,2018-02-22,9835.875,0,intraday_close,0.06377165224242876
-1,2018-02-23,9833.5425,2018-02-23,10157.6025,0,intraday_close,-0.031903197629558844
-1,2018-02-24,10145.325,2018-02-24,9690.955,0,intraday_close,0.046885988016660995
-1,2018-02-25,9690.5225,2018-02-25,9590.7575,0,intraday_close,0.01040220232864808
-1,2018-02-26,9592.1075,2018-02-26,10311.7,0,intraday_close,-0.06978408021955651
-1,2018-02-27,10314.195,2018-02-27,10561.5825,0,intraday_close,-0.02342333641762495
-1,2018-02-28,10564.57,2018-02-28,10306.8075,0,intraday_close,0.025008956459116938
-1,2018-03-01,10307.0275,2018-03-01,10905.0,0,intraday_close,-0.05483470884915176
-1,2018-03-02,10908.51,2018-03-02,11022.265,0,intraday_close,-0.010320474058644002
-1,2018-03-06,11405.4475,2018-03-06,10713.0325,0,intraday_close,0.06463295990187667
-1,2018-03-07,10709.57,2018-03-07,9906.3225,0,intraday_close,0.0810843277109139
-1,2018-03-08,9905.6175,2018-03-08,9291.47,0,intraday_close,0.0660979909529924
-1,2018-03-09,9296.865,2018-03-09,9246.625,0,intraday_close,0.00543333378394828
-1,2018-03-10,9241.335,2018-03-10,8777.0275,0,intraday_close,0.05290031277673446
-1,2018-03-12,9534.0825,2018-03-12,9113.485,0,intraday_close,0.04615111562700758
-1,2018-03-13,9113.8825,2018-03-13,9143.8875,0,intraday_close,-0.0032814270735506135
-1,2018-03-14,9146.5875,2018-03-14,8194.1825,0,intraday_close,0.1162294103164041
-1,2018-03-20,8596.1975,2018-03-20,8903.3125,0,intraday_close,-0.034494464841035244
-1,2018-03-23,8710.805,2018-03-23,8922.4225,0,intraday_close,-0.023717493763605102
-1,2018-03-24,8922.0475,2018-03-24,8537.1675,0,intraday_close,0.04508286852752996
-1,2018-03-25,8532.615,2018-03-25,8452.085,0,intraday_close,0.009527826565871145
-1,2018-03-26,8453.6575,2018-03-26,8143.28,0,intraday_close,0.03811455580552314
-1,2018-03-27,8146.1025,2018-03-27,7791.6175,0,intraday_close,0.045495688154609804
-1,2018-03-29,7938.2575,2018-03-29,7083.77,0,intraday_close,0.12062609316790351
-1,2018-04-04,7417.265,2018-04-04,6794.085,0,intraday_close,0.09172390395468999
-1,2018-04-11,6827.5825,2018-04-11,6941.09,0,intraday_close,-0.016352979143045232
-1,2018-04-18,7891.5725,2018-04-18,8165.4725,0,intraday_close,-0.033543680417759014
-1,2018-04-27,9277.9025,2018-04-27,8921.945,0,intraday_close,0.03989684984608188
-1,2018-04-28,8919.4725,2018-04-28,9339.5325,0,intraday_close,-0.04497655530402611
-1,2018-04-29,9337.5275,2018-04-29,9396.8725,0,intraday_close,-0.00631539908623846
-1,2018-04-30,9396.505,2018-04-30,9243.395,0,intraday_close,0.016564260209587456
-1,2018-05-01,9245.66,2018-05-01,9070.0825,0,intraday_close,0.019357872433905632
-1,2018-05-02,9068.375,2018-05-02,9210.32,0,intraday_close,-0.015411516646544277
-1,2018-05-03,9216.425,2018-05-03,9730.3925,0,intraday_close,-0.052820839447124124
-1,2018-05-04,9730.955,2018-05-04,9690.46,0,intraday_close,0.004178852190711346
-1,2018-05-05,9687.03,2018-05-05,9807.7725,0,intraday_close,-0.012310899340293502
-1,2018-05-06,9808.41,2018-05-06,9607.08,0,intraday_close,0.0209564196405152
-1,2018-05-07,9606.715,2018-05-07,9358.77,0,intraday_close,0.026493331922891494
-1,2018-05-08,9357.0025,2018-05-08,9174.9075,0,intraday_close,0.01984706657805546
-1,2018-05-09,9179.765,2018-05-09,9305.605,0,intraday_close,-0.013523032623886322
-1,2018-05-10,9304.695,2018-05-10,9015.02,0,intraday_close,0.03213248556298254
-1,2018-05-11,9011.27,2018-05-11,8405.2475,0,intraday_close,0.07210049436378885
-1,2018-05-12,8412.0225,2018-05-12,8475.4775,0,intraday_close,-0.007486893806278427
-1,2018-05-13,8475.285,2018-05-13,8691.595,0,intraday_close,-0.024887261774162228
-1,2018-05-14,8693.46,2018-05-14,8671.9725,0,intraday_close,0.002477809979217538
-1,2018-05-15,8671.16,2018-05-15,8472.7075,0,intraday_close,0.02342256002582399
-1,2018-05-16,8477.035,2018-05-16,8345.1075,0,intraday_close,0.015808963515449026
-1,2018-05-17,8343.13,2018-05-17,8062.51,0,intraday_close,0.03480553822568888
-1,2018-05-18,8060.29,2018-05-18,8237.32,0,intraday_close,-0.021491213161562217
-1,2018-05-19,8237.35,2018-05-19,8235.1525,0,intraday_close,0.0002668438744759527
-1,2018-05-20,8232.7625,2018-05-20,8517.3525,0,intraday_close,-0.03341296488550871
-1,2018-05-21,8518.55,2018-05-21,8392.9275,0,intraday_close,0.014967661760452389
-1,2018-05-22,8395.665,2018-05-22,7986.6625,0,intraday_close,0.05121069032277248
-1,2018-05-23,7986.66,2018-05-23,7501.415,0,intraday_close,0.0646871290283233
-1,2018-05-24,7504.48,2018-05-24,7578.88,0,intraday_close,-0.009816753926701671
-1,2018-05-25,7578.63,2018-05-25,7464.735,0,intraday_close,0.015257741902425348
-1,2018-05-26,7464.21,2018-05-26,7334.285,0,intraday_close,0.01771474656357097
-1,2018-05-28,7342.575,2018-05-28,7105.2875,0,intraday_close,0.03339590410662474
-1,2018-05-30,7463.0625,2018-05-30,7379.63,0,intraday_close,0.011305783623298149
-1,2018-05-31,7376.2725,2018-05-31,7486.93,0,intraday_close,-0.014780090103687415
-1,2018-06-01,7488.63,2018-06-01,7512.7825,0,intraday_close,-0.0032148541502432515
-1,2018-06-02,7512.7625,2018-06-02,7639.51,0,intraday_close,-0.01659105099672631
-1,2018-06-03,7638.0325,2018-06-03,7709.2075,0,intraday_close,-0.00923246650190701
-1,2018-06-04,7711.3325,2018-06-04,7492.7825,0,intraday_close,0.029168069405457908
-1,2018-06-05,7494.94,2018-06-05,7615.6225,0,intraday_close,-0.015846701960345433
-1,2018-06-06,7615.6225,2018-06-06,7657.825,0,intraday_close,-0.005511029567794923
-1,2018-06-07,7654.67,2018-06-07,7686.2175,0,intraday_close,-0.00410442457554705
-1,2018-06-08,7682.9375,2018-06-08,7624.0,0,intraday_close,0.007730522035676701
-1,2018-06-09,7623.3,2018-06-09,7496.46,0,intraday_close,0.016919986233502327
-1,2018-06-10,7496.71,2018-06-10,6772.345,0,intraday_close,0.10695925857291666
-1,2018-06-12,6879.1875,2018-06-12,6549.9675,0,intraday_close,0.05026284481564236
-1,2018-06-15,6638.3125,2018-06-15,6389.6,0,intraday_close,0.03892458056842374
-1,2018-06-19,6710.5125,2018-06-19,6738.5225,0,intraday_close,-0.004156697554990707
-1,2018-06-20,6735.1275,2018-06-20,6757.3675,0,intraday_close,-0.003291222506397795
-1,2018-06-21,6757.7875,2018-06-21,6717.83,0,intraday_close,0.00594797724860574
-1,2018-06-22,6717.83,2018-06-22,6059.7875,0,intraday_close,0.10859167916366697
-1,2018-06-24,6170.3175,2018-06-24,6150.87,0,intraday_close,0.0031617478503040974
-1,2018-06-25,6149.015,2018-06-25,6246.9125,0,intraday_close,-0.015671341642771508
-1,2018-06-26,6247.1,2018-06-26,6070.8275,0,intraday_close,0.02903599221028763
-1,2018-06-28,6134.0225,2018-06-28,5852.18,0,intraday_close,0.04816025822855741
-1,2018-07-04,6503.975,2018-07-04,6584.91,0,intraday_close,-0.012290980438608767
-1,2018-07-06,6529.865,2018-07-06,6593.61,0,intraday_close,-0.009667693418324741
-1,2018-07-07,6596.785,2018-07-07,6755.6275,0,intraday_close,-0.023512619664124434
-1,2018-07-09,6702.955,2018-07-09,6664.815,0,intraday_close,0.005722589449219662
-1,2018-07-10,6663.9525,2018-07-10,6301.69,0,intraday_close,0.05748656312830369
-1,2018-07-12,6381.685,2018-07-12,6246.47,0,intraday_close,0.02164662601437284
-1,2018-07-13,6245.315,2018-07-13,6214.195,0,intraday_close,0.0050078891956237825
-1,2018-07-17,6726.41,2018-07-17,7316.35,0,intraday_close,-0.08063310257163758
-1,2018-08-03,7534.9075,2018-08-03,7414.94,0,intraday_close,0.016179159912285357
-1,2018-08-22,6476.475,2018-08-22,6356.3875,0,intraday_close,0.01889241334012448
-1,2018-08-23,6354.6475,2018-08-23,6525.685,0,intraday_close,-0.026209892141591307
-1,2018-09-06,6683.08,2018-09-06,6494.815,0,intraday_close,0.0289869688359099
-1,2018-09-14,6476.5275,2018-09-14,6473.28,0,intraday_close,0.0005016776657273958
-1,2018-09-25,6548.915,2018-09-25,6439.1375,0,intraday_close,0.01704847893060224
-1,2018-09-27,6454.41,2018-09-27,6625.275,0,intraday_close,-0.025789872873201447
-1,2018-10-05,6527.2375,2018-10-05,6552.9575,0,intraday_close,-0.0039249453395662215
-1,2018-10-06,6553.605,2018-10-06,6548.0,0,intraday_close,0.0008559865607817851
-1,2018-10-11,6525.4175,2018-10-11,6152.845,0,intraday_close,0.06055288244706292
-1,2018-10-13,6191.115,2018-10-13,6197.1475,0,intraday_close,-0.0009734317280652993
-1,2018-10-17,6457.315,2018-10-17,6440.6225,0,intraday_close,0.002591752582921769
-1,2018-10-19,6393.85,2018-10-19,6384.235,0,intraday_close,0.0015060535835540456
-1,2018-10-24,6395.38,2018-10-24,6413.46,0,intraday_close,-0.002819071141006546
-1,2018-10-25,6413.4825,2018-10-25,6392.9525,0,intraday_close,0.0032113487469209723
-1,2018-10-31,6270.73,2018-10-31,6305.1325,0,intraday_close,-0.005456269158499061
-1,2018-11-01,6305.6625,2018-11-01,6342.2975,0,intraday_close,-0.005776297942504116
-1,2018-11-02,6343.2725,2018-11-02,6349.3525,0,intraday_close,-0.0009575779577524202
-1,2018-11-08,6502.0925,2018-11-08,6406.6025,0,intraday_close,0.014904935962547938
-1,2018-11-10,6332.3975,2018-11-10,6348.9925,0,intraday_close,-0.0026138005360692995
-1,2018-11-13,6324.8475,2018-11-13,6259.6275,0,intraday_close,0.010419150340815087
-1,2018-11-14,6257.775,2018-11-14,5602.1625,0,intraday_close,0.11702846891713681
-1,2018-12-27,3808.3425,2018-12-27,3589.7125,0,intraday_close,0.060904598905901164
-1,2019-01-04,3786.3525,2019-01-04,3820.925,0,intraday_close,-0.009048201678912848
-1,2019-01-05,3821.6525,2019-01-05,3796.1175,0,intraday_close,0.006726609489827506
-1,2019-01-15,3664.0125,2019-01-15,3581.695,0,intraday_close,0.02298283354668662
-1,2019-01-16,3581.3225,2019-01-16,3607.3425,0,intraday_close,-0.007213066128320178
-1,2019-01-17,3609.215,2019-01-17,3641.015,0,intraday_close,-0.008733828341822236
-1,2019-01-18,3639.84,2019-01-18,3609.315,0,intraday_close,0.008457283445750807
-1,2019-01-19,3609.31,2019-01-19,3683.4125,0,intraday_close,-0.020117893393693964
-1,2019-01-23,3575.5475,2019-01-23,3553.6125,0,intraday_close,0.006172591975067698
-1,2019-01-26,3561.0525,2019-01-26,3556.505,0,intraday_close,0.001278642937378116
-1,2019-01-29,3430.52,2019-01-29,3394.6025,0,intraday_close,0.01058076755673154
-1,2019-01-31,3436.815,2019-01-31,3411.5775,0,intraday_close,0.00739760418750568
-1,2019-02-15,3561.13,2019-02-15,3566.85,0,intraday_close,-0.0016036558868468553
-1,2019-03-12,3850.42,2019-03-12,3861.24,0,intraday_close,-0.0028022086169209315
1,2019-05-10,6151.005,2019-05-10,6350.4725,0,intraday_close,0.032428440555648974
1,2019-05-11,6349.8575,2019-05-11,7218.7675,0,intraday_close,0.13683929127543415
1,2019-05-12,7214.7625,2019-05-12,6976.065,0,intraday_close,-0.03308459564677291
1,2019-05-13,6970.955,2019-05-13,7818.4875,0,intraday_close,0.12158054384227124
1,2019-05-15,7991.755,2019-05-15,8203.37,0,intraday_close,0.026479165089520418
1,2019-05-16,8203.935,2019-05-16,7880.26,0,intraday_close,-0.03945362804556585
1,2019-06-19,9079.15,2019-06-19,9278.89,0,intraday_close,0.021999856814789887
1,2019-06-20,9279.2375,2019-06-20,9533.845,0,intraday_close,0.027438407520014474
1,2019-06-23,10664.74,2019-06-23,10830.4725,0,intraday_close,0.015540228828832214
1,2019-06-24,10826.6,2019-06-24,11029.3875,0,intraday_close,0.018730487872462342
1,2019-06-25,11029.9275,2019-06-25,11757.885,0,intraday_close,0.06599839391510054
1,2019-06-27,12931.13,2019-06-27,11151.1925,0,intraday_close,-0.13764748324392373
-1,2019-08-14,10857.695,2019-08-14,10020.9325,0,intraday_close,0.08350146056766672
-1,2019-08-17,10353.1875,2019-08-17,10209.83,0,intraday_close,0.014041125072601579
-1,2019-08-22,10128.5875,2019-08-22,10122.97,0,intraday_close,0.0005549260740671524
-1,2019-08-24,10407.74,2019-08-24,10147.4975,0,intraday_close,0.025645978232564204
-1,2019-08-28,10174.3225,2019-08-28,9717.26,0,intraday_close,0.04703615010815798
-1,2019-08-30,9491.38,2019-08-30,9580.5325,0,intraday_close,-0.009305589224816058
-1,2019-09-21,10170.3975,2019-09-21,9979.65,0,intraday_close,0.019113646270159768
-1,2019-10-16,8162.825,2019-10-16,7997.9125,0,intraday_close,0.020619442885877914
-1,2019-10-19,7955.4025,2019-10-19,7961.1675,0,intraday_close,-0.0007241400209202498
-1,2019-10-23,8021.9475,2019-10-23,7472.3575,0,intraday_close,0.07354974651574153
-1,2019-11-14,8762.9325,2019-11-14,8631.415,0,intraday_close,0.015237072948062425
-1,2019-12-03,7307.75,2019-12-03,7299.71,0,intraday_close,0.0011014136178011391
-1,2019-12-13,7188.67,2019-12-13,7252.3525,0,intraday_close,-0.0087809438385682
-1,2020-01-03,6944.76,2020-01-03,7335.29,0,intraday_close,-0.05323988553963099
-1,2020-03-03,8917.625,2020-03-03,8754.4925,0,intraday_close,0.0186341469822493
-1,2020-03-05,8758.6325,2020-03-05,9067.5425,0,intraday_close,-0.03406766497096647
-1,2020-03-12,7949.5675,2020-03-12,4844.805,0,intraday_close,0.6408436459258937
-1,2020-04-15,6873.975,2020-04-15,6622.355,0,intraday_close,0.03799554690136686
1,2020-05-09,9808.49,2020-05-09,9541.09,0,intraday_close,-0.02726209640831556
-1,2020-06-30,9189.4375,2020-06-30,9134.015,0,intraday_close,0.006067704070991775
1,2020-08-01,11354.7825,2020-08-01,11812.8525,0,intraday_close,0.0403415917477945
1,2020-08-02,11810.79,2020-08-02,11066.14,0,intraday_close,-0.06304828042832034
1,2020-10-22,12807.73,2020-10-22,12985.925,0,intraday_close,0.01391308217771603
1,2020-10-23,12986.17,2020-10-23,12940.1275,0,intraday_close,-0.0035455026385762256
1,2020-10-24,12939.9675,2020-10-24,13127.4175,0,intraday_close,0.014486126027750679
1,2020-10-25,13127.6075,2020-10-25,13042.115,0,intraday_close,-0.006512420484844683
1,2020-10-26,13042.86,2020-10-26,13071.8175,0,intraday_close,0.0022201802365431345
1,2020-10-28,13681.0625,2020-10-28,13286.15,0,intraday_close,-0.028865630867485614
1,2020-11-01,13799.875,2020-11-01,13768.1925,0,intraday_close,-0.0022958541291135948
1,2020-11-02,13768.7125,2020-11-02,13569.8975,0,intraday_close,-0.014439621714811834
1,2020-11-06,15608.8575,2020-11-06,15601.6325,0,intraday_close,-0.00046287820873502916
1,2020-11-07,15604.7475,2020-11-07,14838.965,0,intraday_close,-0.04907368735059636
1,2020-11-09,15483.03,2020-11-09,15336.3475,0,intraday_close,-0.009473759335220655
1,2020-11-13,16307.6025,2020-11-13,16342.135,0,intraday_close,0.002117570623885401
1,2020-11-14,16343.145,2020-11-14,16084.31,0,intraday_close,-0.01583752698761476
1,2020-11-17,16728.7325,2020-11-17,17683.04,0,intraday_close,0.057046013498034176
1,2020-11-18,17680.9875,2020-11-18,17792.575,0,intraday_close,0.0063111576771377464
1,2020-11-19,17797.855,2020-11-19,17825.9375,0,intraday_close,0.0015778586801611372
1,2020-11-20,17826.62,2020-11-20,18682.275,0,intraday_close,0.047998723257689946
1,2020-11-21,18682.175,2020-11-21,18719.7725,0,intraday_close,0.002012479810300505
1,2020-11-22,18721.2125,2020-11-22,18442.9925,0,intraday_close,-0.014861216921713827
1,2020-11-23,18440.27,2020-11-23,18390.1275,0,intraday_close,-0.0027191846974041756
1,2020-11-24,18385.2675,2020-11-24,19169.8975,0,intraday_close,0.04267710545957493
1,2020-11-25,19172.4325,2020-11-25,18727.64,0,intraday_close,-0.023199586176662734
1,2020-11-26,18723.79,2020-11-26,17167.14,0,intraday_close,-0.08313754854118749
1,2020-12-01,19710.6975,2020-12-01,18779.14,0,intraday_close,-0.047261518776796185
1,2020-12-17,21360.8575,2020-12-17,22824.125,0,intraday_close,0.06850228273841541
1,2020-12-18,22823.2075,2020-12-18,23139.1,0,intraday_close,0.013840845989767203
1,2020-12-19,23141.4825,2020-12-19,23856.9625,0,intraday_close,0.03091763891963284
1,2020-12-20,23856.13,2020-12-20,23478.995,0,intraday_close,-0.01580872505305775
1,2020-12-21,23477.04,2020-12-21,22729.9375,0,intraday_close,-0.03182268718714121
1,2020-12-23,23826.42,2020-12-23,23234.965,0,intraday_close,-0.024823494255536427
1,2020-12-24,23228.25,2020-12-24,23725.2675,0,intraday_close,0.02139711342869144
1,2020-12-25,23724.985,2020-12-25,24705.6075,0,intraday_close,0.041332902844827935
1,2020-12-26,24712.245,2020-12-26,26458.9725,0,intraday_close,0.0706826716876594
1,2020-12-27,26469.4325,2020-12-27,26259.1225,0,intraday_close,-0.007945391349058917
1,2020-12-28,26244.505,2020-12-28,27037.975,0,intraday_close,0.03023375750466606
1,2020-12-29,27037.58,2020-12-29,27370.3625,0,intraday_close,0.01230814666105462
1,2020-12-30,27371.025,2020-12-30,28889.2925,0,intraday_close,0.055469881014686084
1,2020-12-31,28891.96,2020-12-31,28980.4525,0,intraday_close,0.0030628763157640737
1,2021-01-01,28976.325,2021-01-01,29404.035,0,intraday_close,0.014760670996063041
1,2021-01-02,29406.05,2021-01-02,32223.72,0,intraday_close,0.09581939770897496
1,2021-01-03,32213.8175,2021-01-03,33096.3175,0,intraday_close,0.027395076662366957
1,2021-01-04,33087.9125,2021-01-04,32028.2225,0,intraday_close,-0.03202649910295785
1,2021-01-05,32042.0275,2021-01-05,34052.6475,0,intraday_close,0.06274946240527379
1,2021-01-06,34066.4,2021-01-06,36873.235,0,intraday_close,0.08239306178521932
1,2021-01-07,36870.75,2021-01-07,39501.2625,0,intraday_close,0.07134415491954993
1,2021-01-08,39502.535,2021-01-08,40658.6275,0,intraday_close,0.029266286328206492
1,2021-01-09,40657.505,2021-01-09,40252.745,0,intraday_close,-0.009955357565595735
1,2021-01-10,40249.61,2021-01-10,38173.345,0,intraday_close,-0.051584723429618284
1,2021-01-11,38170.4125,2021-01-11,35458.7275,0,intraday_close,-0.0710415429752036
1,2021-02-05,36984.185,2021-02-05,38309.9425,0,intraday_close,0.03584660578568921
1,2021-02-06,38324.045,2021-02-06,39273.03,0,intraday_close,0.024762130406641658
1,2021-02-07,39271.3675,2021-02-07,38868.57,0,intraday_close,-0.010256772952966342
1,2021-02-08,38877.0325,2021-02-08,46431.245,0,intraday_close,0.19431041965458662
1,2021-02-09,46425.3975,2021-02-09,46507.4325,0,intraday_close,0.0017670284890938248
1,2021-02-10,46513.2875,2021-02-10,44851.2175,0,intraday_close,-0.03573322999368733
1,2021-02-11,44852.7825,2021-02-11,47987.3325,0,intraday_close,0.06988529641388452
1,2021-02-12,48003.775,2021-02-12,47438.89,0,intraday_close,-0.011767512034209893
1,2021-02-13,47423.98,2021-02-13,47230.7775,0,intraday_close,-0.004073941073693188
1,2021-02-14,47243.4525,2021-02-14,48660.45,0,intraday_close,0.02999352132446287
1,2021-02-15,48652.725,2021-02-15,47935.8025,0,intraday_close,-0.014735505565207307
1,2021-02-16,47954.68,2021-02-16,49184.5275,0,intraday_close,0.025646037049981363
1,2021-02-18,52152.79,2021-02-18,51591.845,0,intraday_close,-0.010755800408760452
1,2021-02-20,55977.665,2021-02-20,55951.415,0,intraday_close,-0.0004689370305103191
1,2021-02-21,55930.86,2021-02-21,57492.04,0,intraday_close,0.027912676472344522
1,2021-02-22,57489.645,2021-02-22,54157.43,0,intraday_close,-0.057962003418180696
1,2021-03-10,54923.3825,2021-03-10,55858.515,0,intraday_close,0.017026127260097335
1,2021-03-11,55887.4925,2021-03-11,57804.9625,0,intraday_close,0.03430946557496739
1,2021-03-12,57844.1125,2021-03-12,57241.355,0,intraday_close,-0.010420377700496308
1,2021-03-13,57245.175,2021-03-13,61173.205,0,intraday_close,0.06861766078975218
1,2021-03-14,61182.42,2021-03-14,58997.37,0,intraday_close,-0.035713690305156254
1,2021-03-15,58976.94,2021-03-15,55628.8325,0,intraday_close,-0.056769773067236184
-1,2021-05-11,55872.7375,2021-05-11,56759.9075,0,intraday_close,-0.015630222794143833
-1,2021-05-12,56760.32,2021-05-12,49459.7575,0,intraday_close,0.14760611189814266
-1,2021-05-14,49693.9575,2021-05-14,49890.035,0,intraday_close,-0.0039301936749494
-1,2021-05-15,49895.6275,2021-05-15,46756.4075,0,intraday_close,0.06713988879492083
-1,2021-05-19,42891.2675,2021-05-19,36752.975,0,intraday_close,0.167014847097412
-1,2021-06-04,39239.695,2021-06-04,36864.8875,0,intraday_close,0.06441922547573231
-1,2021-06-05,36858.225,2021-06-05,35536.965,0,intraday_close,0.037179877347432555
-1,2021-06-06,35536.7,2021-06-06,35803.195,0,intraday_close,-0.007443330127381187
-1,2021-06-07,35802.6825,2021-06-07,33584.455,0,intraday_close,0.06604923319434541
-1,2021-09-01,47124.365,2021-09-01,48852.29,0,intraday_close,-0.03537039921772356
-1,2021-09-02,48850.72,2021-09-02,49289.2625,0,intraday_close,-0.008897323225317
-1,2021-09-03,49285.4975,2021-09-03,50022.6475,0,intraday_close,-0.014736325181509025
-1,2021-09-04,50026.1,2021-09-04,49946.33,0,intraday_close,0.0015971143425352885
-1,2021-09-05,49951.6675,2021-09-05,51791.6375,0,intraday_close,-0.03552639168823335
-1,2021-09-08,46892.055,2021-09-08,46077.8625,0,intraday_close,0.017669927722884227
-1,2021-09-09,46063.6675,2021-09-09,46392.3625,0,intraday_close,-0.007085110183815302
-1,2021-09-10,46385.2775,2021-09-10,44853.1875,0,intraday_close,0.03415788454276525
-1,2021-09-12,45166.2275,2021-09-12,46038.8925,0,intraday_close,-0.018954952054939245
-1,2021-09-13,46040.8925,2021-09-13,44961.89,0,intraday_close,0.02399815710594022
-1,2021-09-14,44965.3025,2021-09-14,47112.045,0,intraday_close,-0.04556674413093298
-1,2021-09-15,47109.4025,2021-09-15,48150.2275,0,intraday_close,-0.0216162010864851
-1,2021-09-16,48136.2275,2021-09-16,47765.91,0,intraday_close,0.007752757144164013
-1,2021-09-17,47768.935,2021-09-17,47291.0575,0,intraday_close,0.010105028841869146
-1,2021-09-18,47298.785,2021-09-18,48315.1775,0,intraday_close,-0.02103671253199879
-1,2021-09-19,48307.6125,2021-09-19,47249.3475,0,intraday_close,0.022397452155291653
-1,2021-09-20,47252.6175,2021-09-20,43011.9325,0,intraday_close,0.09859322177630592
-1,2021-09-23,43577.5275,2021-09-23,44897.02,0,intraday_close,-0.02938931136186773
-1,2021-09-24,44894.0825,2021-09-24,42844.64,0,intraday_close,0.04783427985390931
-1,2021-09-27,43171.7475,2021-09-27,42177.77,0,intraday_close,0.023566383428995863
-1,2021-09-28,42167.305,2021-09-28,41038.115,0,intraday_close,0.02751564003366136
1,2021-10-16,61688.45,2021-10-16,60871.4575,0,intraday_close,-0.013243848726949725
1,2021-10-20,64292.1875,2021-10-20,66023.1025,0,intraday_close,0.02692263348482271
-1,2021-11-04,62937.955,2021-11-04,61450.845,0,intraday_close,0.02419999269334694
-1,2021-11-05,61443.3825,2021-11-05,61016.1575,0,intraday_close,0.0070018338994879414
-1,2021-11-20,58120.4275,2021-11-20,59730.88,0,intraday_close,-0.026961807694780293
-1,2021-11-21,59741.15,2021-11-21,58666.18,0,intraday_close,0.018323504274524005
-1,2021-11-22,58669.22,2021-11-22,56306.57,0,intraday_close,0.041960467490738784
-1,2021-11-24,57571.15,2021-11-24,57180.33,0,intraday_close,0.006834867864526029
-1,2021-11-25,57167.12,2021-11-25,58971.93,0,intraday_close,-0.03060456050870297
-1,2021-11-26,58983.15,2021-11-26,53786.51,0,intraday_close,0.09661604740668239
-1,2021-11-28,54760.62,2021-11-28,57322.77,0,intraday_close,-0.044696897934276225
-1,2021-11-29,57319.83,2021-11-29,57838.79,0,intraday_close,-0.008972525185952152
-1,2021-11-30,57838.34,2021-11-30,56969.7,0,intraday_close,0.0152474034442871
-1,2021-12-01,57016.11,2021-12-01,57241.55,0,intraday_close,-0.003938397894536427
-1,2021-12-02,57232.25,2021-12-02,56531.25,0,intraday_close,0.012400221116638965
-1,2021-12-03,56527.0,2021-12-03,53676.95,0,intraday_close,0.053096347687415335
-1,2021-12-04,53660.92,2021-12-04,49242.47,0,intraday_close,0.08972843969849587
-1,2021-12-05,49237.75,2021-12-05,49467.0,0,intraday_close,-0.004634402733135201
-1,2021-12-06,49472.65,2021-12-06,50543.48,0,intraday_close,-0.021186313249503264
-1,2021-12-07,50537.38,2021-12-07,50636.64,0,intraday_close,-0.001960240647878697
-1,2021-12-08,50634.99,2021-12-08,50523.27,0,intraday_close,0.002211258297414309
-1,2021-12-09,50525.85,2021-12-09,47582.37,0,intraday_close,0.06186072698774758
-1,2021-12-11,47178.0,2021-12-11,49394.45,0,intraday_close,-0.04487245024491615
-1,2021-12-12,49413.96,2021-12-12,50109.38,0,intraday_close,-0.013878040398823455
-1,2021-12-13,50096.29,2021-12-13,46725.12,0,intraday_close,0.07214898538516312
-1,2021-12-15,48380.1,2021-12-15,48884.45,0,intraday_close,-0.01031718675366089
-1,2021-12-16,48883.71,2021-12-16,47643.53,0,intraday_close,0.02603039699199461
-1,2021-12-17,47643.55,2021-12-17,46176.46,0,intraday_close,0.031771383081336424
-1,2021-12-18,46156.92,2021-12-18,46868.13,0,intraday_close,-0.015174704004618844
-1,2021-12-19,46848.89,2021-12-19,46696.22,0,intraday_close,0.00326942951699305
-1,2021-12-20,46682.33,2021-12-20,46914.68,0,intraday_close,-0.004952607584662205
-1,2021-12-21,46919.91,2021-12-21,48924.74,0,intraday_close,-0.04097783657102716
-1,2021-12-22,48917.86,2021-12-22,48618.04,0,intraday_close,0.0061668467095752355
-1,2021-12-23,48618.84,2021-12-23,50838.48,0,intraday_close,-0.04366062872060705
-1,2021-12-24,50844.29,2021-12-24,50837.01,0,intraday_close,0.00014320275720391962
-1,2021-12-25,50847.04,2021-12-25,50440.34,0,intraday_close,0.008062990852163221
-1,2021-12-26,50425.83,2021-12-26,50799.86,0,intraday_close,-0.007362815566814507
-1,2021-12-27,50818.91,2021-12-27,50702.05,0,intraday_close,0.002304837772831636
-1,2021-12-28,50707.74,2021-12-28,47546.13,0,intraday_close,0.06649563276758808
-1,2021-12-29,47557.83,2021-12-29,46475.49,0,intraday_close,0.023288404275027652
-1,2021-12-30,46470.94,2021-12-30,47135.21,0,intraday_close,-0.014092861790580669
-1,2021-12-31,47125.1,2021-12-31,46198.9,0,intraday_close,0.020048096383247227
-1,2022-01-01,46202.77,2022-01-01,47748.78,0,intraday_close,-0.03237800002429381
-1,2022-01-02,47738.82,2022-01-02,47317.13,0,intraday_close,0.00891199445105828
-1,2022-01-03,47300.8,2022-01-03,46449.55,0,intraday_close,0.018326334700766722
-1,2022-01-04,46459.59,2022-01-04,45831.42,0,intraday_close,0.01370609944007839
-1,2022-01-05,45832.38,2022-01-05,43429.74,0,intraday_close,0.055322458757524284
-1,2022-01-06,43437.31,2022-01-06,43102.27,0,intraday_close,0.007773140486568408
-1,2022-01-07,43099.92,2022-01-07,41545.24,0,intraday_close,0.03742137486749386
-1,2022-01-11,41840.1,2022-01-11,42742.74,0,intraday_close,-0.02111797231529844
-1,2022-01-12,42743.8,2022-01-12,43928.88,0,intraday_close,-0.026977241395637508
-1,2022-01-13,43928.66,2022-01-13,42568.64,0,intraday_close,0.03194887128176993
-1,2022-01-14,42571.04,2022-01-14,43091.7,0,intraday_close,-0.012082605234882693
-1,2022-01-15,43089.85,2022-01-15,43101.0,0,intraday_close,-0.00025869469385864097
-1,2022-01-16,43098.73,2022-01-16,43171.39,0,intraday_close,-0.0016830590814888025
-1,2022-01-17,43174.04,2022-01-17,42520.05,0,intraday_close,0.015380743907873917
-1,2022-01-18,42517.74,2022-01-18,42622.29,0,intraday_close,-0.0024529418761873867
-1,2022-01-19,42624.98,2022-01-19,42100.67,0,intraday_close,0.01245372104529463
-1,2022-01-20,42117.44,2022-01-20,41363.23,0,intraday_close,0.018233827483975507
-1,2022-01-21,41347.9,2022-01-21,38194.95,0,intraday_close,0.08254887098948949
-1,2022-02-01,38497.02,2022-02-01,38723.35,0,intraday_close,-0.005844793903420076
-1,2022-02-02,38739.08,2022-02-02,36914.92,0,intraday_close,0.04941524998564284
-1,2022-02-04,37325.51,2022-02-04,41595.79,0,intraday_close,-0.10266135106461494
-1,2022-02-18,40538.77,2022-02-18,39993.25,0,intraday_close,0.013640301800928789
-1,2022-02-26,39232.39,2022-02-26,39133.73,0,intraday_close,0.0025210988065793583
-1,2022-02-27,39139.87,2022-02-27,37711.29,0,intraday_close,0.03788202418957298
-1,2022-03-12,38734.32,2022-03-12,38809.19,0,intraday_close,-0.0019291822375061551
-1,2022-03-15,39679.69,2022-03-15,39351.91,0,intraday_close,0.008329455927297946
-1,2022-03-16,39323.03,2022-03-16,41134.5,0,intraday_close,-0.044037729886105326
-1,2022-04-01,45520.97,2022-04-01,46308.14,0,intraday_close,-0.01699852336975738
-1,2022-04-02,46305.9,2022-04-02,45821.46,0,intraday_close,0.010572338812425475
-1,2022-04-03,45821.98,2022-04-03,46415.99,0,intraday_close,-0.012797529472063252
-1,2022-04-04,46420.72,2022-04-04,46602.28,0,intraday_close,-0.0038959467219199517
-1,2022-04-05,46604.52,2022-04-05,45498.32,0,intraday_close,0.02431298562232631
-1,2022-04-06,45506.57,2022-04-06,43181.76,0,intraday_close,0.05383777780247945
-1,2022-04-07,43173.92,2022-04-07,43461.88,0,intraday_close,-0.006625576252108689
-1,2022-04-08,43458.09,2022-04-08,42281.62,0,intraday_close,0.027824619775684845
-1,2022-04-09,42267.51,2022-04-09,42767.81,0,intraday_close,-0.011698050473007537
-1,2022-04-10,42774.7,2022-04-10,42155.88,0,intraday_close,0.014679328245549517
-1,2022-04-11,42161.99,2022-04-11,39532.17,0,intraday_close,0.06652354272482386
-1,2022-04-13,40090.95,2022-04-13,41144.7,0,intraday_close,-0.025610832014815954
-1,2022-04-14,41149.44,2022-04-14,39953.82,0,intraday_close,0.029925048468457005
-1,2022-04-15,39957.1,2022-04-15,40563.6,0,intraday_close,-0.01495182873314993
-1,2022-04-16,40565.32,2022-04-16,40389.5,0,intraday_close,0.004353111576028468
-1,2022-04-17,40384.85,2022-04-17,39687.65,0,intraday_close,0.017567177698855962
-1,2022-04-18,39674.59,2022-04-18,40809.49,0,intraday_close,-0.0278097079870393
-1,2022-04-19,40810.1,2022-04-19,41503.85,0,intraday_close,-0.01671531677181759
-1,2022-04-20,41496.42,2022-04-20,41375.16,0,intraday_close,0.0029307439536183644
-1,2022-04-21,41375.89,2022-04-21,40481.15,0,intraday_close,0.022102632953856283
-1,2022-04-22,40486.74,2022-04-22,39719.22,0,intraday_close,0.019323642307175204
-1,2022-04-23,39711.92,2022-04-23,39440.84,0,intraday_close,0.006873078768099283
-1,2022-04-24,39448.61,2022-04-24,39465.69,0,intraday_close,-0.00043278098013743715
-1,2022-04-25,39460.95,2022-04-25,40440.55,0,intraday_close,-0.024223211603205286
-1,2022-04-26,40444.29,2022-04-26,38123.48,0,intraday_close,0.06087613197955699
-1,2022-04-27,38117.16,2022-04-27,39252.85,0,intraday_close,-0.02893267622605733
-1,2022-04-28,39252.42,2022-04-28,39748.89,0,intraday_close,-0.01249016010258408
-1,2022-04-29,39748.42,2022-04-29,38592.08,0,intraday_close,0.029963142696636025
-1,2022-04-30,38595.69,2022-04-30,37648.79,0,intraday_close,0.02515087470274624
-1,2022-05-02,38475.51,2022-05-02,38511.75,0,intraday_close,-0.0009410115094743432
-1,2022-05-03,38507.81,2022-05-03,37725.77,0,intraday_close,0.02072959677164965
-1,2022-05-04,37728.01,2022-05-04,39680.04,0,intraday_close,-0.04919425484450113
-1,2022-05-05,39678.74,2022-05-05,36541.63,0,intraday_close,0.08585030279163797
-1,2022-05-06,36540.54,2022-05-06,36010.24,0,intraday_close,0.014726366722354722
-1,2022-05-07,36010.16,2022-05-07,35461.25,0,intraday_close,0.015479149776164158
-1,2022-05-08,35462.2,2022-05-08,34027.56,0,intraday_close,0.04216111881075224
-1,2022-06-03,30433.56,2022-06-03,29673.24,0,intraday_close,0.025623086659899652
-1,2022-08-03,22995.62,2022-08-03,22831.86,0,intraday_close,0.007172433608124695
-1,2022-08-04,22826.58,2022-08-04,22621.93,0,intraday_close,0.009046531396746493
-1,2022-08-05,22627.17,2022-08-05,23322.46,0,intraday_close,-0.02981203526557663
-1,2022-08-06,23319.95,2022-08-06,22952.69,0,intraday_close,0.016000738911212675
-1,2022-08-07,22957.86,2022-08-07,23181.62,0,intraday_close,-0.009652474676057898
-1,2022-08-08,23179.86,2022-08-08,23820.8,0,intraday_close,-0.026906736969371292
-1,2022-08-09,23816.39,2022-08-09,23159.22,0,intraday_close,0.028376171563636365
-1,2022-08-10,23157.94,2022-08-10,23961.97,0,intraday_close,-0.033554419774334154
-1,2022-08-11,23960.8,2022-08-11,23954.9,0,intraday_close,0.0002462961648763695
-1,2022-08-12,23954.4,2022-08-12,24413.41,0,intraday_close,-0.018801552097801877
-1,2022-08-13,24417.98,2022-08-13,24452.44,0,intraday_close,-0.0014092663145273132
-1,2022-08-14,24455.15,2022-08-14,24314.02,0,intraday_close,0.005804470013597074
-1,2022-08-15,24315.41,2022-08-15,24103.81,0,intraday_close,0.008778695152342975
-1,2022-08-16,24100.88,2022-08-16,23865.17,0,intraday_close,0.00987673668362743
-1,2022-08-17,23864.33,2022-08-17,23341.6,0,intraday_close,0.02239478013503793
-1,2022-08-18,23343.34,2022-08-18,23196.34,0,intraday_close,0.006337206645531168
-1,2022-08-19,23192.52,2022-08-19,20836.46,0,intraday_close,0.11307390986760724
-1,2022-08-20,20836.46,2022-08-20,21140.87,0,intraday_close,-0.014399123593305307
-1,2022-08-21,21144.06,2022-08-21,21495.97,0,intraday_close,-0.016370975582865044
-1,2022-08-22,21519.23,2022-08-22,21404.35,0,intraday_close,0.005367133316358741
-1,2022-08-23,21404.18,2022-08-23,21523.0,0,intraday_close,-0.0055206058634948985
-1,2022-08-24,21524.67,2022-08-24,21370.71,0,intraday_close,0.007204252923744603
-1,2022-08-25,21368.69,2022-08-25,21566.32,0,intraday_close,-0.009163825817292914
-1,2022-08-26,21559.81,2022-08-26,20246.01,0,intraday_close,0.06489179843337056
-1,2022-08-27,20240.68,2022-08-27,20037.31,0,intraday_close,0.01014956598465555
-1,2022-08-28,20038.21,2022-08-28,19550.11,0,intraday_close,0.024966611441060937
-1,2022-08-30,20292.52,2022-08-30,19811.34,0,intraday_close,0.024288109739169617
-1,2022-08-31,19821.28,2022-08-31,20053.81,0,intraday_close,-0.01159530283771526
-1,2022-09-01,20050.07,2022-09-01,20127.44,0,intraday_close,-0.003844005993807409
-1,2022-09-02,20130.6,2022-09-02,19954.25,0,intraday_close,0.008837716275981178
-1,2022-09-03,19953.02,2022-09-03,19835.94,0,intraday_close,0.005902417531006954
-1,2022-09-04,19835.06,2022-09-04,20004.08,0,intraday_close,-0.008449276347625156
-1,2022-09-05,20006.61,2022-09-05,19791.58,0,intraday_close,0.010864721260253063
-1,2022-09-06,19793.65,2022-09-06,18790.61,0,intraday_close,0.05337985302233417
-1,2022-09-07,18795.9,2022-09-07,19285.24,0,intraday_close,-0.02537380919293719
-1,2022-09-08,19295.25,2022-09-08,19322.2,0,intraday_close,-0.0013947687116374619
-1,2022-09-09,19323.45,2022-09-09,21370.03,0,intraday_close,-0.09576870037150154
-1,2022-09-10,21373.53,2022-09-10,21655.74,0,intraday_close,-0.013031648883852665
-1,2022-09-11,21662.26,2022-09-11,21839.13,0,intraday_close,-0.008098765839115507
-1,2022-09-14,20174.37,2022-09-14,20231.86,0,intraday_close,-0.0028415578201905767
-1,2022-09-15,20229.49,2022-09-15,19699.88,0,intraday_close,0.026883920105097214
-1,2022-09-16,19703.79,2022-09-16,19800.14,0,intraday_close,-0.004866127209201432
-1,2022-09-17,19800.38,2022-09-17,20117.0,0,intraday_close,-0.015738927275438686
-1,2022-09-18,20117.31,2022-09-18,19420.94,0,intraday_close,0.03585665781367964
-1,2022-09-20,19536.8,2022-09-20,18876.62,0,intraday_close,0.03497342214866861
-1,2022-09-21,18875.49,2022-09-21,18456.46,0,intraday_close,0.022703703743838233
-1,2022-09-24,19288.92,2022-09-24,18924.36,0,intraday_close,0.019264059656442623
-1,2022-09-29,19406.77,2022-09-29,19594.92,0,intraday_close,-0.009601978471971195
-1,2022-09-30,19596.28,2022-09-30,19426.02,0,intraday_close,0.008764533342393355
-1,2022-10-04,19633.27,2022-10-04,20344.04,0,intraday_close,-0.03493750503833071
-1,2022-10-07,19960.63,2022-10-07,19532.76,0,intraday_close,0.02190525046127645
-1,2022-10-08,19533.12,2022-10-08,19418.17,0,intraday_close,0.005919713340649446
-1,2022-10-11,19131.19,2022-10-11,19056.5,0,intraday_close,0.0039193975808777815
-1,2022-10-12,19057.97,2022-10-12,19156.58,0,intraday_close,-0.005147578534373087
-1,2022-10-14,19378.24,2022-10-14,19181.61,0,intraday_close,0.010250964335110524
-1,2022-10-18,19549.83,2022-10-18,19331.81,0,intraday_close,0.011277785163417153
-1,2022-10-19,19329.63,2022-10-19,19125.59,0,intraday_close,0.010668429052384854
-1,2022-10-22,19169.34,2022-10-22,19206.4,0,intraday_close,-0.0019295651449517948
-1,2022-10-24,19570.86,2022-10-24,19332.22,0,intraday_close,0.012344159129163534
-1,2022-10-26,20086.89,2022-10-26,20774.74,0,intraday_close,-0.03310992099058774
-1,2022-10-28,20292.32,2022-10-28,20599.09,0,intraday_close,-0.014892405441211287
-1,2022-10-29,20600.0,2022-10-29,20820.06,0,intraday_close,-0.010569614112543424
-1,2022-10-30,20819.77,2022-10-30,20628.62,0,intraday_close,0.00926625242018142
-1,2022-10-31,20628.25,2022-10-31,20495.81,0,intraday_close,0.006461808535500602
-1,2022-11-01,20495.71,2022-11-01,20480.62,0,intraday_close,0.0007367941009599477
-1,2022-11-02,20481.47,2022-11-02,20153.01,0,intraday_close,0.016298309781020537
-1,2022-11-03,20152.98,2022-11-03,20206.42,0,intraday_close,-0.0026447040099135677
-1,2022-11-04,20208.06,2022-11-04,21150.52,0,intraday_close,-0.04455966094450625
-1,2022-11-06,21301.83,2022-11-06,20914.74,0,intraday_close,0.01850799962131977
-1,2022-11-07,20910.54,2022-11-07,20570.04,0,intraday_close,0.01655320067437893
-1,2022-11-08,20569.01,2022-11-08,18547.62,0,intraday_close,0.10898379414717363
-1,2022-11-09,18545.28,2022-11-09,15878.21,0,intraday_close,0.16797044503127245
-1,2022-11-11,17557.43,2022-11-11,16992.47,0,intraday_close,0.03324766793762168
-1,2022-11-12,16992.77,2022-11-12,16776.14,0,intraday_close,0.012912982366623194
-1,2022-11-15,16589.83,2022-11-15,16873.79,0,intraday_close,-0.01682846592259346
-1,2022-11-16,16874.18,2022-11-16,16647.91,0,intraday_close,0.013591495869451409
-1,2022-11-20,16684.55,2022-11-20,16255.15,0,intraday_close,0.02641624346745486
-1,2022-11-23,16196.3,2022-11-23,16597.42,0,intraday_close,-0.024167611592645022
-1,2022-11-24,16597.1,2022-11-24,16587.76,0,intraday_close,0.000563065778622418
-1,2022-11-25,16587.76,2022-11-25,16507.83,0,intraday_close,0.004841944701392986
-1,2022-11-26,16507.83,2022-11-26,16452.93,0,intraday_close,0.0033367916839128764
-1,2022-11-27,16452.61,2022-11-27,16424.41,0,intraday_close,0.001716956651715451
-1,2022-11-28,16424.37,2022-11-28,16209.05,0,intraday_close,0.013283937059852313
-1,2022-11-29,16209.03,2022-11-29,16433.95,0,intraday_close,-0.01368630183248698
-1,2022-11-30,16434.19,2022-11-30,17167.82,0,intraday_close,-0.042732857171149385
-1,2022-12-01,17167.37,2022-12-01,16977.74,0,intraday_close,0.011169331135945981
-1,2022-12-02,16977.74,2022-12-02,17094.08,0,intraday_close,-0.006805864954416929
-1,2022-12-03,17093.97,2022-12-03,16894.08,0,intraday_close,0.011831955335833477
-1,2022-12-04,16894.24,2022-12-04,17113.75,0,intraday_close,-0.01282652837630549
-1,2022-12-05,17113.5,2022-12-05,16966.51,0,intraday_close,0.008663537757617856
-1,2022-12-06,16966.46,2022-12-06,17088.06,0,intraday_close,-0.007116079882678483
-1,2022-12-07,17086.91,2022-12-07,16838.69,0,intraday_close,0.01474105170889195
-1,2022-12-08,16838.53,2022-12-08,17229.22,0,intraday_close,-0.022676012030724668
-1,2022-12-09,17229.11,2022-12-09,17130.89,0,intraday_close,0.005733502462510698
-1,2022-12-10,17130.86,2022-12-10,17130.07,0,intraday_close,4.611773331930635e-05
-1,2022-12-11,17130.32,2022-12-11,17091.9,0,intraday_close,0.002247848396023766
-1,2022-12-12,17090.12,2022-12-12,17210.86,0,intraday_close,-0.007015337990083137
-1,2022-12-13,17209.6,2022-12-13,17772.5,0,intraday_close,-0.03167252778168528
-1,2022-12-14,17772.45,2022-12-14,17804.11,0,intraday_close,-0.0017782410915232472
-1,2022-12-15,17804.2,2022-12-15,17359.72,0,intraday_close,0.025604099605293085
-1,2022-12-16,17358.03,2022-12-16,16633.41,0,intraday_close,0.04356412786073327
-1,2022-12-21,16900.02,2022-12-21,16825.25,0,intraday_close,0.004443916137947479
-1,2022-12-22,16825.58,2022-12-22,16819.09,0,intraday_close,0.0003858710548549915
-1,2022-12-23,16818.88,2022-12-23,16779.36,0,intraday_close,0.0023552745754307214
-1,2022-12-24,16779.52,2022-12-24,16840.76,0,intraday_close,-0.0036364154586846498
-1,2022-12-25,16840.66,2022-12-25,16828.9,0,intraday_close,0.0006987979012293977
-1,2022-12-26,16828.95,2022-12-26,16913.94,0,intraday_close,-0.00502484932546754
-1,2022-12-27,16914.67,2022-12-27,16697.52,0,intraday_close,0.013004925282317226
-1,2022-12-28,16697.25,2022-12-28,16538.67,0,intraday_close,0.00958843728062786
-1,2022-12-30,16629.8,2022-12-30,16597.29,0,intraday_close,0.001958753507349531
-1,2022-12-31,16597.22,2022-12-31,16528.89,0,intraday_close,0.004133973908713839
-1,2023-01-01,16529.49,2023-01-01,16613.48,0,intraday_close,-0.00505553321760388
-1,2023-01-02,16613.59,2023-01-02,16668.97,0,intraday_close,-0.0033223408524942766
-1,2023-01-03,16668.69,2023-01-03,16670.73,0,intraday_close,-0.00012237016615357366
-1,2023-01-04,16670.29,2023-01-04,16849.16,0,intraday_close,-0.01061595948996863
-1,2023-01-05,16849.25,2023-01-05,16825.79,0,intraday_close,0.0013942881730961698
-1,2023-01-06,16825.98,2023-01-06,16950.52,0,intraday_close,-0.00734726722248058
-1,2023-01-07,16950.5,2023-01-07,16944.81,0,intraday_close,0.00033579603430178295
-1,2023-01-08,16944.76,2023-01-08,17124.86,0,intraday_close,-0.01051687429853454
-1,2023-01-09,17124.86,2023-01-09,17179.7,0,intraday_close,-0.003192139560062146
-1,2023-01-10,17179.69,2023-01-10,17443.89,0,intraday_close,-0.015145704312512942
1,2023-10-24,33064.2,2023-10-24,33921.29,0,intraday_close,0.025921994181017594
1,2023-10-25,33923.86,2023-10-25,34498.74,0,intraday_close,0.01694618477968013
1,2023-12-06,44073.27,2023-12-06,43771.48,0,intraday_close,-0.006847461057461701
1,2023-12-07,43770.88,2023-12-07,43276.31,0,intraday_close,-0.01129906458357699
1,2023-12-08,43276.08,2023-12-08,44185.19,0,intraday_close,0.021007216919831873
1,2023-12-09,44185.12,2023-12-09,43725.01,0,intraday_close,-0.010413234138551664
-1,2024-01-20,41619.59,2024-01-20,41659.07,0,intraday_close,-0.0009476927833483861
1,2024-02-16,51927.93,2024-02-16,52177.35,0,intraday_close,0.0048031955057712405
1,2024-02-28,57078.36,2024-02-28,62461.81,0,intraday_close,0.09431683040647965
1,2024-02-29,62461.81,2024-02-29,61206.43,0,intraday_close,-0.020098360902445767
1,2024-03-01,61206.27,2024-03-01,62419.9,0,intraday_close,0.01982852410382141
1,2024-03-02,62419.53,2024-03-02,62037.09,0,intraday_close,-0.006126928543037757
1,2024-03-03,62037.09,2024-03-03,63153.53,0,intraday_close,0.017996330904624935
1,2024-03-04,63153.35,2024-03-04,68272.89,0,intraday_close,0.08106521665121491
-1,2024-08-30,59367.17,2024-08-30,59122.55,0,intraday_close,0.004137507600737722
